<?xml version="1.0" encoding="UTF-8"?>
<GenRun Id="synth_1" LaunchPart="xc7a100tcsg324-1" LaunchTime="1623703492">
  <File Type="PA-TCL" Name="VSX.tcl"/>
  <File Type="RDS-PROPCONSTRS" Name="VSX_drc_synth.rpt"/>
  <File Type="REPORTS-TCL" Name="VSX_reports.tcl"/>
  <File Type="RDS-RDS" Name="VSX.vds"/>
  <File Type="RDS-UTIL" Name="VSX_utilization_synth.rpt"/>
  <File Type="RDS-UTIL-PB" Name="VSX_utilization_synth.pb"/>
  <File Type="RDS-DCP" Name="VSX.dcp"/>
  <File Type="VDS-TIMINGSUMMARY" Name="VSX_timing_summary_synth.rpt"/>
  <File Type="VDS-TIMING-PB" Name="VSX_timing_summary_synth.pb"/>
  <FileSet Name="sources" Type="DesignSrcs" RelSrcDir="$PSRCDIR/sources_1" RelGenDir="$PGENDIR/sources_1">
    <Filter Type="Srcs"/>
    <File Path="$PSRCDIR/sources_1/imports/RTL_modules/Rounding_Modules_RTL_mux_5to1.sv">
      <FileInfo>
        <Attr Name="ImportPath" Val="X:/Users/Flkr/Downloads/RTL_modules/Rounding_Modules_RTL_mux_5to1.sv"/>
        <Attr Name="ImportTime" Val="1623069566"/>
        <Attr Name="UsedIn" Val="synthesis"/>
        <Attr Name="UsedIn" Val="implementation"/>
        <Attr Name="UsedIn" Val="simulation"/>
      </FileInfo>
    </File>
    <File Path="$PSRCDIR/sources_1/imports/RTL_modules/Rounding_Modules_RTL_register_en.sv">
      <FileInfo>
        <Attr Name="ImportPath" Val="X:/Users/Flkr/Downloads/RTL_modules/Rounding_Modules_RTL_register_en.sv"/>
        <Attr Name="ImportTime" Val="1623069608"/>
        <Attr Name="UsedIn" Val="synthesis"/>
        <Attr Name="UsedIn" Val="implementation"/>
        <Attr Name="UsedIn" Val="simulation"/>
      </FileInfo>
    </File>
    <File Path="$PSRCDIR/sources_1/imports/RTL_modules/Rounding_Modules_RTL_VSX.sv">
      <FileInfo>
        <Attr Name="ImportPath" Val="X:/Users/Flkr/Downloads/RTL_modules/Rounding_Modules_RTL_VSX.sv"/>
        <Attr Name="ImportTime" Val="1623069526"/>
        <Attr Name="UsedIn" Val="synthesis"/>
        <Attr Name="UsedIn" Val="implementation"/>
        <Attr Name="UsedIn" Val="simulation"/>
      </FileInfo>
    </File>
    <File Path="$PSRCDIR/sources_1/imports/RTL_modules/Rounding_Modules_RTL_Iota_Step_With_RC_Constants.sv">
      <FileInfo>
        <Attr Name="AutoDisabled" Val="1"/>
        <Attr Name="ImportPath" Val="X:/Users/Flkr/Downloads/RTL_modules/Rounding_Modules_RTL_Iota_Step_With_RC_Constants.sv"/>
        <Attr Name="ImportTime" Val="1623069342"/>
        <Attr Name="UsedIn" Val="synthesis"/>
        <Attr Name="UsedIn" Val="implementation"/>
        <Attr Name="UsedIn" Val="simulation"/>
      </FileInfo>
    </File>
    <File Path="$PSRCDIR/sources_1/imports/RTL_modules/Rounding_Modules_RTL_Pi_Step.sv">
      <FileInfo>
        <Attr Name="AutoDisabled" Val="1"/>
        <Attr Name="ImportPath" Val="X:/Users/Flkr/Downloads/RTL_modules/Rounding_Modules_RTL_Pi_Step.sv"/>
        <Attr Name="ImportTime" Val="1623069380"/>
        <Attr Name="UsedIn" Val="synthesis"/>
        <Attr Name="UsedIn" Val="implementation"/>
        <Attr Name="UsedIn" Val="simulation"/>
      </FileInfo>
    </File>
    <File Path="$PSRCDIR/sources_1/imports/RTL_modules/Rounding_Modules_RTL_Rho_Step.sv">
      <FileInfo>
        <Attr Name="AutoDisabled" Val="1"/>
        <Attr Name="ImportPath" Val="X:/Users/Flkr/Downloads/RTL_modules/Rounding_Modules_RTL_Rho_Step.sv"/>
        <Attr Name="ImportTime" Val="1623069438"/>
        <Attr Name="UsedIn" Val="synthesis"/>
        <Attr Name="UsedIn" Val="implementation"/>
        <Attr Name="UsedIn" Val="simulation"/>
      </FileInfo>
    </File>
    <File Path="$PSRCDIR/sources_1/imports/RTL_modules/project_1_RTL_Chi_Step.sv">
      <FileInfo>
        <Attr Name="AutoDisabled" Val="1"/>
        <Attr Name="ImportPath" Val="X:/Users/Flkr/Downloads/RTL_modules/project_1_RTL_Chi_Step.sv"/>
        <Attr Name="ImportTime" Val="1623071326"/>
        <Attr Name="UsedIn" Val="synthesis"/>
        <Attr Name="UsedIn" Val="implementation"/>
        <Attr Name="UsedIn" Val="simulation"/>
      </FileInfo>
    </File>
    <File Path="$PSRCDIR/sources_1/imports/RTL_modules/project_1_RTL_Theta_Step.sv">
      <FileInfo>
        <Attr Name="AutoDisabled" Val="1"/>
        <Attr Name="ImportPath" Val="X:/Users/Flkr/Downloads/RTL_modules/project_1_RTL_Theta_Step.sv"/>
        <Attr Name="ImportTime" Val="1623071424"/>
        <Attr Name="UsedIn" Val="synthesis"/>
        <Attr Name="UsedIn" Val="implementation"/>
        <Attr Name="UsedIn" Val="simulation"/>
      </FileInfo>
    </File>
    <File Path="$PSRCDIR/sources_1/imports/RTL_modules/project_1_RTL_Round.sv">
      <FileInfo>
        <Attr Name="AutoDisabled" Val="1"/>
        <Attr Name="ImportPath" Val="X:/Users/Flkr/Downloads/RTL_modules/project_1_RTL_Round.sv"/>
        <Attr Name="ImportTime" Val="1623071408"/>
        <Attr Name="UsedIn" Val="synthesis"/>
        <Attr Name="UsedIn" Val="implementation"/>
        <Attr Name="UsedIn" Val="simulation"/>
      </FileInfo>
    </File>
    <File Path="$PSRCDIR/sources_1/imports/RTL_modules/project_1_RTL_Rho_Pi_Step.sv">
      <FileInfo>
        <Attr Name="AutoDisabled" Val="1"/>
        <Attr Name="ImportPath" Val="X:/Users/Flkr/Downloads/RTL_modules/project_1_RTL_Rho_Pi_Step.sv"/>
        <Attr Name="ImportTime" Val="1623071386"/>
        <Attr Name="UsedIn" Val="synthesis"/>
        <Attr Name="UsedIn" Val="implementation"/>
        <Attr Name="UsedIn" Val="simulation"/>
      </FileInfo>
    </File>
    <File Path="$PSRCDIR/sources_1/imports/RTL_modules/Rounding_Modules_RTL_Demux1to4.sv">
      <FileInfo>
        <Attr Name="AutoDisabled" Val="1"/>
        <Attr Name="ImportPath" Val="X:/Users/Flkr/Downloads/RTL_modules/Rounding_Modules_RTL_Demux1to4.sv"/>
        <Attr Name="ImportTime" Val="1623069288"/>
        <Attr Name="UsedIn" Val="synthesis"/>
        <Attr Name="UsedIn" Val="implementation"/>
        <Attr Name="UsedIn" Val="simulation"/>
      </FileInfo>
    </File>
    <File Path="$PSRCDIR/sources_1/imports/RTL_modules/Rounding_Modules_RTL_IOBuffer.sv">
      <FileInfo>
        <Attr Name="AutoDisabled" Val="1"/>
        <Attr Name="ImportPath" Val="X:/Users/Flkr/Downloads/RTL_modules/Rounding_Modules_RTL_IOBuffer.sv"/>
        <Attr Name="ImportTime" Val="1623069308"/>
        <Attr Name="UsedIn" Val="synthesis"/>
        <Attr Name="UsedIn" Val="implementation"/>
        <Attr Name="UsedIn" Val="simulation"/>
      </FileInfo>
    </File>
    <File Path="$PSRCDIR/sources_1/imports/RTL_modules/project_1_RTL_Iota_Step.sv">
      <FileInfo>
        <Attr Name="AutoDisabled" Val="1"/>
        <Attr Name="ImportPath" Val="X:/Users/Flkr/Downloads/RTL_modules/project_1_RTL_Iota_Step.sv"/>
        <Attr Name="ImportTime" Val="1623071352"/>
        <Attr Name="UsedIn" Val="synthesis"/>
        <Attr Name="UsedIn" Val="implementation"/>
        <Attr Name="UsedIn" Val="simulation"/>
      </FileInfo>
    </File>
    <File Path="$PSRCDIR/sources_1/imports/RTL_modules/project_1_RTL_Keccak-f.sv">
      <FileInfo>
        <Attr Name="AutoDisabled" Val="1"/>
        <Attr Name="ImportPath" Val="X:/Users/Flkr/Downloads/RTL_modules/project_1_RTL_Keccak-f.sv"/>
        <Attr Name="ImportTime" Val="1623071372"/>
        <Attr Name="UsedIn" Val="synthesis"/>
        <Attr Name="UsedIn" Val="implementation"/>
        <Attr Name="UsedIn" Val="simulation"/>
      </FileInfo>
    </File>
    <File Path="$PSRCDIR/sources_1/imports/RTL_modules/Rounding_Modules_RTL_Test_Run.sv">
      <FileInfo>
        <Attr Name="AutoDisabled" Val="1"/>
        <Attr Name="ImportPath" Val="X:/Users/Flkr/Downloads/RTL_modules/Rounding_Modules_RTL_Test_Run.sv"/>
        <Attr Name="ImportTime" Val="1623069482"/>
        <Attr Name="UsedIn" Val="synthesis"/>
        <Attr Name="UsedIn" Val="implementation"/>
        <Attr Name="UsedIn" Val="simulation"/>
      </FileInfo>
    </File>
    <File Path="$PSRCDIR/sources_1/imports/RTL_modules/Rounding_Modules_RTL_muxeight.sv">
      <FileInfo>
        <Attr Name="AutoDisabled" Val="1"/>
        <Attr Name="ImportPath" Val="X:/Users/Flkr/Downloads/RTL_modules/Rounding_Modules_RTL_muxeight.sv"/>
        <Attr Name="ImportTime" Val="1623069588"/>
        <Attr Name="UsedIn" Val="synthesis"/>
        <Attr Name="UsedIn" Val="implementation"/>
        <Attr Name="UsedIn" Val="simulation"/>
      </FileInfo>
    </File>
    <File Path="$PSRCDIR/sources_1/imports/RTL_modules/Rounding_Modules_RTL_round_register.sv">
      <FileInfo>
        <Attr Name="AutoDisabled" Val="1"/>
        <Attr Name="ImportPath" Val="X:/Users/Flkr/Downloads/RTL_modules/Rounding_Modules_RTL_round_register.sv"/>
        <Attr Name="ImportTime" Val="1623069662"/>
        <Attr Name="UsedIn" Val="synthesis"/>
        <Attr Name="UsedIn" Val="implementation"/>
        <Attr Name="UsedIn" Val="simulation"/>
      </FileInfo>
    </File>
    <File Path="$PSRCDIR/sources_1/imports/RTL_modules/Rounding_Modules_RTL_Round_Constant.sv">
      <FileInfo>
        <Attr Name="AutoDisabled" Val="1"/>
        <Attr Name="ImportPath" Val="X:/Users/Flkr/Downloads/RTL_modules/Rounding_Modules_RTL_Round_Constant.sv"/>
        <Attr Name="ImportTime" Val="1623069460"/>
        <Attr Name="UsedIn" Val="synthesis"/>
        <Attr Name="UsedIn" Val="implementation"/>
        <Attr Name="UsedIn" Val="simulation"/>
      </FileInfo>
    </File>
    <File Path="$PSRCDIR/sources_1/imports/RTL_modules/Rounding_Modules_RTL_Test_Theta_Redone.sv">
      <FileInfo>
        <Attr Name="AutoDisabled" Val="1"/>
        <Attr Name="ImportPath" Val="X:/Users/Flkr/Downloads/RTL_modules/Rounding_Modules_RTL_Test_Theta_Redone.sv"/>
        <Attr Name="ImportTime" Val="1623069504"/>
        <Attr Name="UsedIn" Val="synthesis"/>
        <Attr Name="UsedIn" Val="implementation"/>
        <Attr Name="UsedIn" Val="simulation"/>
      </FileInfo>
    </File>
    <File Path="$PSRCDIR/sources_1/imports/RTL_modules/Rounding_Modules_RTL_rho_xy.sv">
      <FileInfo>
        <Attr Name="AutoDisabled" Val="1"/>
        <Attr Name="ImportPath" Val="X:/Users/Flkr/Downloads/RTL_modules/Rounding_Modules_RTL_rho_xy.sv"/>
        <Attr Name="ImportTime" Val="1623069626"/>
        <Attr Name="UsedIn" Val="synthesis"/>
        <Attr Name="UsedIn" Val="implementation"/>
        <Attr Name="UsedIn" Val="simulation"/>
      </FileInfo>
    </File>
    <File Path="$PSRCDIR/sources_1/imports/RTL_modules/Rounding_Modules_RTL_WrapperFSM.sv">
      <FileInfo>
        <Attr Name="AutoDisabled" Val="1"/>
        <Attr Name="ImportPath" Val="X:/Users/Flkr/Downloads/RTL_modules/Rounding_Modules_RTL_WrapperFSM.sv"/>
        <Attr Name="ImportTime" Val="1623069546"/>
        <Attr Name="UsedIn" Val="synthesis"/>
        <Attr Name="UsedIn" Val="implementation"/>
        <Attr Name="UsedIn" Val="simulation"/>
      </FileInfo>
    </File>
    <File Path="$PSRCDIR/sources_1/imports/RTL_modules/Rounding_Modules_RTL_RAM.sv">
      <FileInfo>
        <Attr Name="AutoDisabled" Val="1"/>
        <Attr Name="ImportPath" Val="X:/Users/Flkr/Downloads/RTL_modules/Rounding_Modules_RTL_RAM.sv"/>
        <Attr Name="ImportTime" Val="1623069398"/>
        <Attr Name="UsedIn" Val="synthesis"/>
        <Attr Name="UsedIn" Val="implementation"/>
        <Attr Name="UsedIn" Val="simulation"/>
      </FileInfo>
    </File>
    <Config>
      <Option Name="DesignMode" Val="RTL"/>
      <Option Name="TopModule" Val="VSX"/>
      <Option Name="TopAutoSet" Val="TRUE"/>
    </Config>
  </FileSet>
  <FileSet Name="constrs_in" Type="Constrs" RelSrcDir="$PSRCDIR/constrs_1">
    <Filter Type="Constrs"/>
    <Config>
      <Option Name="ConstrsType" Val="XDC"/>
    </Config>
  </FileSet>
  <FileSet Name="utils" Type="Utils" RelSrcDir="$PSRCDIR/utils_1">
    <Filter Type="Utils"/>
    <Config>
      <Option Name="TopAutoSet" Val="TRUE"/>
    </Config>
  </FileSet>
  <Strategy Version="1" Minor="2">
    <StratHandle Name="Vivado Synthesis Defaults" Flow="Vivado Synthesis 2020">
      <Desc>Vivado Synthesis Defaults</Desc>
    </StratHandle>
    <Step Id="synth_design"/>
  </Strategy>
</GenRun>
