<?xml version="1.0" encoding="UTF-8"?>
<GenRun Id="impl_1" LaunchPart="xc7a100tcsg324-1" LaunchTime="1623703658">
  <File Type="BITSTR-BMM" Name="VSX_bd.bmm"/>
  <File Type="OPT-METHODOLOGY-DRC" Name="VSX_methodology_drc_opted.rpt"/>
  <File Type="INIT-TIMING" Name="VSX_timing_summary_init.rpt"/>
  <File Type="ROUTE-PWR" Name="VSX_power_routed.rpt"/>
  <File Type="PA-TCL" Name="VSX.tcl"/>
  <File Type="OPT-TIMING" Name="VSX_timing_summary_opted.rpt"/>
  <File Type="OPT-DCP" Name="VSX_opt.dcp"/>
  <File Type="ROUTE-PWR-SUM" Name="VSX_power_summary_routed.pb"/>
  <File Type="REPORTS-TCL" Name="VSX_reports.tcl"/>
  <File Type="OPT-DRC" Name="VSX_drc_opted.rpt"/>
  <File Type="OPT-HWDEF" Name="VSX.hwdef"/>
  <File Type="PWROPT-DCP" Name="VSX_pwropt.dcp"/>
  <File Type="PWROPT-DRC" Name="VSX_drc_pwropted.rpt"/>
  <File Type="PWROPT-TIMING" Name="VSX_timing_summary_pwropted.rpt"/>
  <File Type="PLACE-DCP" Name="VSX_placed.dcp"/>
  <File Type="PLACE-IO" Name="VSX_io_placed.rpt"/>
  <File Type="PLACE-CLK" Name="VSX_clock_utilization_placed.rpt"/>
  <File Type="PLACE-UTIL" Name="VSX_utilization_placed.rpt"/>
  <File Type="PLACE-UTIL-PB" Name="VSX_utilization_placed.pb"/>
  <File Type="PLACE-CTRL" Name="VSX_control_sets_placed.rpt"/>
  <File Type="PLACE-SIMILARITY" Name="VSX_incremental_reuse_placed.rpt"/>
  <File Type="PLACE-PRE-SIMILARITY" Name="VSX_incremental_reuse_pre_placed.rpt"/>
  <File Type="PLACE-TIMING" Name="VSX_timing_summary_placed.rpt"/>
  <File Type="POSTPLACE-PWROPT-DCP" Name="VSX_postplace_pwropt.dcp"/>
  <File Type="BG-BIN" Name="VSX.bin"/>
  <File Type="POSTPLACE-PWROPT-TIMING" Name="VSX_timing_summary_postplace_pwropted.rpt"/>
  <File Type="PHYSOPT-DCP" Name="VSX_physopt.dcp"/>
  <File Type="PHYSOPT-DRC" Name="VSX_drc_physopted.rpt"/>
  <File Type="BITSTR-MSK" Name="VSX.msk"/>
  <File Type="PHYSOPT-TIMING" Name="VSX_timing_summary_physopted.rpt"/>
  <File Type="ROUTE-ERROR-DCP" Name="VSX_routed_error.dcp"/>
  <File Type="ROUTE-DCP" Name="VSX_routed.dcp"/>
  <File Type="ROUTE-BLACKBOX-DCP" Name="VSX_routed_bb.dcp"/>
  <File Type="ROUTE-DRC" Name="VSX_drc_routed.rpt"/>
  <File Type="ROUTE-DRC-PB" Name="VSX_drc_routed.pb"/>
  <File Type="ROUTE-DRC-RPX" Name="VSX_drc_routed.rpx"/>
  <File Type="BITSTR-MMI" Name="VSX.mmi"/>
  <File Type="ROUTE-METHODOLOGY-DRC" Name="VSX_methodology_drc_routed.rpt"/>
  <File Type="ROUTE-METHODOLOGY-DRC-RPX" Name="VSX_methodology_drc_routed.rpx"/>
  <File Type="ROUTE-METHODOLOGY-DRC-PB" Name="VSX_methodology_drc_routed.pb"/>
  <File Type="ROUTE-PWR-RPX" Name="VSX_power_routed.rpx"/>
  <File Type="ROUTE-STATUS" Name="VSX_route_status.rpt"/>
  <File Type="ROUTE-STATUS-PB" Name="VSX_route_status.pb"/>
  <File Type="ROUTE-TIMINGSUMMARY" Name="VSX_timing_summary_routed.rpt"/>
  <File Type="ROUTE-TIMING-PB" Name="VSX_timing_summary_routed.pb"/>
  <File Type="ROUTE-TIMING-RPX" Name="VSX_timing_summary_routed.rpx"/>
  <File Type="ROUTE-SIMILARITY" Name="VSX_incremental_reuse_routed.rpt"/>
  <File Type="ROUTE-CLK" Name="VSX_clock_utilization_routed.rpt"/>
  <File Type="ROUTE-BUS-SKEW" Name="VSX_bus_skew_routed.rpt"/>
  <File Type="ROUTE-BUS-SKEW-PB" Name="VSX_bus_skew_routed.pb"/>
  <File Type="ROUTE-BUS-SKEW-RPX" Name="VSX_bus_skew_routed.rpx"/>
  <File Type="POSTROUTE-PHYSOPT-DCP" Name="VSX_postroute_physopt.dcp"/>
  <File Type="POSTROUTE-PHYSOPT-BLACKBOX-DCP" Name="VSX_postroute_physopt_bb.dcp"/>
  <File Type="POSTROUTE-PHYSOPT-TIMING" Name="VSX_timing_summary_postroute_physopted.rpt"/>
  <File Type="POSTROUTE-PHYSOPT-TIMING-PB" Name="VSX_timing_summary_postroute_physopted.pb"/>
  <File Type="POSTROUTE-PHYSOPT-TIMING-RPX" Name="VSX_timing_summary_postroute_physopted.rpx"/>
  <File Type="POSTROUTE-PHYSOPT-BUS-SKEW" Name="VSX_bus_skew_postroute_physopted.rpt"/>
  <File Type="POSTROUTE-PHYSOPT-BUS-SKEW-PB" Name="VSX_bus_skew_postroute_physopted.pb"/>
  <File Type="BG-BIT" Name="VSX.bit"/>
  <File Type="POSTROUTE-PHYSOPT-BUS-SKEW-RPX" Name="VSX_bus_skew_postroute_physopted.rpx"/>
  <File Type="BITSTR-RBT" Name="VSX.rbt"/>
  <File Type="BITSTR-NKY" Name="VSX.nky"/>
  <File Type="PDI-FILE" Name="VSX.pdi"/>
  <File Type="RCFI_FILE" Name="VSX.rcfi"/>
  <File Type="CFI_FILE" Name="VSX.cfi"/>
  <File Type="RNPI_FILE" Name="VSX.rnpi"/>
  <File Type="NPI_FILE" Name="VSX.npi"/>
  <File Type="RBD_FILE" Name="VSX.rbd"/>
  <File Type="BITSTR-LTX" Name="debug_nets.ltx"/>
  <File Type="BITSTR-LTX" Name="VSX.ltx"/>
  <File Type="BITSTR-SYSDEF" Name="VSX.sysdef"/>
  <File Type="BG-BGN" Name="VSX.bgn"/>
  <File Type="BG-DRC" Name="VSX.drc"/>
  <File Type="RDI-RDI" Name="VSX.vdi"/>
  <File Type="WBT-USG" Name="usage_statistics_webtalk.html"/>
  <FileSet Name="sources" Type="DesignSrcs" RelSrcDir="$PSRCDIR/sources_1" RelGenDir="$PGENDIR/sources_1">
    <Filter Type="Srcs"/>
    <File Path="$PSRCDIR/sources_1/imports/RTL_modules/Rounding_Modules_RTL_mux_5to1.sv">
      <FileInfo>
        <Attr Name="ImportPath" Val="X:/Users/Flkr/Downloads/RTL_modules/Rounding_Modules_RTL_mux_5to1.sv"/>
        <Attr Name="ImportTime" Val="1623069566"/>
        <Attr Name="UsedIn" Val="synthesis"/>
        <Attr Name="UsedIn" Val="implementation"/>
        <Attr Name="UsedIn" Val="simulation"/>
      </FileInfo>
    </File>
    <File Path="$PSRCDIR/sources_1/imports/RTL_modules/Rounding_Modules_RTL_register_en.sv">
      <FileInfo>
        <Attr Name="ImportPath" Val="X:/Users/Flkr/Downloads/RTL_modules/Rounding_Modules_RTL_register_en.sv"/>
        <Attr Name="ImportTime" Val="1623069608"/>
        <Attr Name="UsedIn" Val="synthesis"/>
        <Attr Name="UsedIn" Val="implementation"/>
        <Attr Name="UsedIn" Val="simulation"/>
      </FileInfo>
    </File>
    <File Path="$PSRCDIR/sources_1/imports/RTL_modules/Rounding_Modules_RTL_VSX.sv">
      <FileInfo>
        <Attr Name="ImportPath" Val="X:/Users/Flkr/Downloads/RTL_modules/Rounding_Modules_RTL_VSX.sv"/>
        <Attr Name="ImportTime" Val="1623069526"/>
        <Attr Name="UsedIn" Val="synthesis"/>
        <Attr Name="UsedIn" Val="implementation"/>
        <Attr Name="UsedIn" Val="simulation"/>
      </FileInfo>
    </File>
    <File Path="$PSRCDIR/sources_1/imports/RTL_modules/Rounding_Modules_RTL_Iota_Step_With_RC_Constants.sv">
      <FileInfo>
        <Attr Name="AutoDisabled" Val="1"/>
        <Attr Name="ImportPath" Val="X:/Users/Flkr/Downloads/RTL_modules/Rounding_Modules_RTL_Iota_Step_With_RC_Constants.sv"/>
        <Attr Name="ImportTime" Val="1623069342"/>
        <Attr Name="UsedIn" Val="synthesis"/>
        <Attr Name="UsedIn" Val="implementation"/>
        <Attr Name="UsedIn" Val="simulation"/>
      </FileInfo>
    </File>
    <File Path="$PSRCDIR/sources_1/imports/RTL_modules/Rounding_Modules_RTL_Pi_Step.sv">
      <FileInfo>
        <Attr Name="AutoDisabled" Val="1"/>
        <Attr Name="ImportPath" Val="X:/Users/Flkr/Downloads/RTL_modules/Rounding_Modules_RTL_Pi_Step.sv"/>
        <Attr Name="ImportTime" Val="1623069380"/>
        <Attr Name="UsedIn" Val="synthesis"/>
        <Attr Name="UsedIn" Val="implementation"/>
        <Attr Name="UsedIn" Val="simulation"/>
      </FileInfo>
    </File>
    <File Path="$PSRCDIR/sources_1/imports/RTL_modules/Rounding_Modules_RTL_Rho_Step.sv">
      <FileInfo>
        <Attr Name="AutoDisabled" Val="1"/>
        <Attr Name="ImportPath" Val="X:/Users/Flkr/Downloads/RTL_modules/Rounding_Modules_RTL_Rho_Step.sv"/>
        <Attr Name="ImportTime" Val="1623069438"/>
        <Attr Name="UsedIn" Val="synthesis"/>
        <Attr Name="UsedIn" Val="implementation"/>
        <Attr Name="UsedIn" Val="simulation"/>
      </FileInfo>
    </File>
    <File Path="$PSRCDIR/sources_1/imports/RTL_modules/project_1_RTL_Chi_Step.sv">
      <FileInfo>
        <Attr Name="AutoDisabled" Val="1"/>
        <Attr Name="ImportPath" Val="X:/Users/Flkr/Downloads/RTL_modules/project_1_RTL_Chi_Step.sv"/>
        <Attr Name="ImportTime" Val="1623071326"/>
        <Attr Name="UsedIn" Val="synthesis"/>
        <Attr Name="UsedIn" Val="implementation"/>
        <Attr Name="UsedIn" Val="simulation"/>
      </FileInfo>
    </File>
    <File Path="$PSRCDIR/sources_1/imports/RTL_modules/project_1_RTL_Theta_Step.sv">
      <FileInfo>
        <Attr Name="AutoDisabled" Val="1"/>
        <Attr Name="ImportPath" Val="X:/Users/Flkr/Downloads/RTL_modules/project_1_RTL_Theta_Step.sv"/>
        <Attr Name="ImportTime" Val="1623071424"/>
        <Attr Name="UsedIn" Val="synthesis"/>
        <Attr Name="UsedIn" Val="implementation"/>
        <Attr Name="UsedIn" Val="simulation"/>
      </FileInfo>
    </File>
    <File Path="$PSRCDIR/sources_1/imports/RTL_modules/project_1_RTL_Round.sv">
      <FileInfo>
        <Attr Name="AutoDisabled" Val="1"/>
        <Attr Name="ImportPath" Val="X:/Users/Flkr/Downloads/RTL_modules/project_1_RTL_Round.sv"/>
        <Attr Name="ImportTime" Val="1623071408"/>
        <Attr Name="UsedIn" Val="synthesis"/>
        <Attr Name="UsedIn" Val="implementation"/>
        <Attr Name="UsedIn" Val="simulation"/>
      </FileInfo>
    </File>
    <File Path="$PSRCDIR/sources_1/imports/RTL_modules/project_1_RTL_Rho_Pi_Step.sv">
      <FileInfo>
        <Attr Name="AutoDisabled" Val="1"/>
        <Attr Name="ImportPath" Val="X:/Users/Flkr/Downloads/RTL_modules/project_1_RTL_Rho_Pi_Step.sv"/>
        <Attr Name="ImportTime" Val="1623071386"/>
        <Attr Name="UsedIn" Val="synthesis"/>
        <Attr Name="UsedIn" Val="implementation"/>
        <Attr Name="UsedIn" Val="simulation"/>
      </FileInfo>
    </File>
    <File Path="$PSRCDIR/sources_1/imports/RTL_modules/Rounding_Modules_RTL_Demux1to4.sv">
      <FileInfo>
        <Attr Name="AutoDisabled" Val="1"/>
        <Attr Name="ImportPath" Val="X:/Users/Flkr/Downloads/RTL_modules/Rounding_Modules_RTL_Demux1to4.sv"/>
        <Attr Name="ImportTime" Val="1623069288"/>
        <Attr Name="UsedIn" Val="synthesis"/>
        <Attr Name="UsedIn" Val="implementation"/>
        <Attr Name="UsedIn" Val="simulation"/>
      </FileInfo>
    </File>
    <File Path="$PSRCDIR/sources_1/imports/RTL_modules/Rounding_Modules_RTL_IOBuffer.sv">
      <FileInfo>
        <Attr Name="AutoDisabled" Val="1"/>
        <Attr Name="ImportPath" Val="X:/Users/Flkr/Downloads/RTL_modules/Rounding_Modules_RTL_IOBuffer.sv"/>
        <Attr Name="ImportTime" Val="1623069308"/>
        <Attr Name="UsedIn" Val="synthesis"/>
        <Attr Name="UsedIn" Val="implementation"/>
        <Attr Name="UsedIn" Val="simulation"/>
      </FileInfo>
    </File>
    <File Path="$PSRCDIR/sources_1/imports/RTL_modules/project_1_RTL_Iota_Step.sv">
      <FileInfo>
        <Attr Name="AutoDisabled" Val="1"/>
        <Attr Name="ImportPath" Val="X:/Users/Flkr/Downloads/RTL_modules/project_1_RTL_Iota_Step.sv"/>
        <Attr Name="ImportTime" Val="1623071352"/>
        <Attr Name="UsedIn" Val="synthesis"/>
        <Attr Name="UsedIn" Val="implementation"/>
        <Attr Name="UsedIn" Val="simulation"/>
      </FileInfo>
    </File>
    <File Path="$PSRCDIR/sources_1/imports/RTL_modules/project_1_RTL_Keccak-f.sv">
      <FileInfo>
        <Attr Name="AutoDisabled" Val="1"/>
        <Attr Name="ImportPath" Val="X:/Users/Flkr/Downloads/RTL_modules/project_1_RTL_Keccak-f.sv"/>
        <Attr Name="ImportTime" Val="1623071372"/>
        <Attr Name="UsedIn" Val="synthesis"/>
        <Attr Name="UsedIn" Val="implementation"/>
        <Attr Name="UsedIn" Val="simulation"/>
      </FileInfo>
    </File>
    <File Path="$PSRCDIR/sources_1/imports/RTL_modules/Rounding_Modules_RTL_Test_Run.sv">
      <FileInfo>
        <Attr Name="AutoDisabled" Val="1"/>
        <Attr Name="ImportPath" Val="X:/Users/Flkr/Downloads/RTL_modules/Rounding_Modules_RTL_Test_Run.sv"/>
        <Attr Name="ImportTime" Val="1623069482"/>
        <Attr Name="UsedIn" Val="synthesis"/>
        <Attr Name="UsedIn" Val="implementation"/>
        <Attr Name="UsedIn" Val="simulation"/>
      </FileInfo>
    </File>
    <File Path="$PSRCDIR/sources_1/imports/RTL_modules/Rounding_Modules_RTL_muxeight.sv">
      <FileInfo>
        <Attr Name="AutoDisabled" Val="1"/>
        <Attr Name="ImportPath" Val="X:/Users/Flkr/Downloads/RTL_modules/Rounding_Modules_RTL_muxeight.sv"/>
        <Attr Name="ImportTime" Val="1623069588"/>
        <Attr Name="UsedIn" Val="synthesis"/>
        <Attr Name="UsedIn" Val="implementation"/>
        <Attr Name="UsedIn" Val="simulation"/>
      </FileInfo>
    </File>
    <File Path="$PSRCDIR/sources_1/imports/RTL_modules/Rounding_Modules_RTL_round_register.sv">
      <FileInfo>
        <Attr Name="AutoDisabled" Val="1"/>
        <Attr Name="ImportPath" Val="X:/Users/Flkr/Downloads/RTL_modules/Rounding_Modules_RTL_round_register.sv"/>
        <Attr Name="ImportTime" Val="1623069662"/>
        <Attr Name="UsedIn" Val="synthesis"/>
        <Attr Name="UsedIn" Val="implementation"/>
        <Attr Name="UsedIn" Val="simulation"/>
      </FileInfo>
    </File>
    <File Path="$PSRCDIR/sources_1/imports/RTL_modules/Rounding_Modules_RTL_Round_Constant.sv">
      <FileInfo>
        <Attr Name="AutoDisabled" Val="1"/>
        <Attr Name="ImportPath" Val="X:/Users/Flkr/Downloads/RTL_modules/Rounding_Modules_RTL_Round_Constant.sv"/>
        <Attr Name="ImportTime" Val="1623069460"/>
        <Attr Name="UsedIn" Val="synthesis"/>
        <Attr Name="UsedIn" Val="implementation"/>
        <Attr Name="UsedIn" Val="simulation"/>
      </FileInfo>
    </File>
    <File Path="$PSRCDIR/sources_1/imports/RTL_modules/Rounding_Modules_RTL_Test_Theta_Redone.sv">
      <FileInfo>
        <Attr Name="AutoDisabled" Val="1"/>
        <Attr Name="ImportPath" Val="X:/Users/Flkr/Downloads/RTL_modules/Rounding_Modules_RTL_Test_Theta_Redone.sv"/>
        <Attr Name="ImportTime" Val="1623069504"/>
        <Attr Name="UsedIn" Val="synthesis"/>
        <Attr Name="UsedIn" Val="implementation"/>
        <Attr Name="UsedIn" Val="simulation"/>
      </FileInfo>
    </File>
    <File Path="$PSRCDIR/sources_1/imports/RTL_modules/Rounding_Modules_RTL_rho_xy.sv">
      <FileInfo>
        <Attr Name="AutoDisabled" Val="1"/>
        <Attr Name="ImportPath" Val="X:/Users/Flkr/Downloads/RTL_modules/Rounding_Modules_RTL_rho_xy.sv"/>
        <Attr Name="ImportTime" Val="1623069626"/>
        <Attr Name="UsedIn" Val="synthesis"/>
        <Attr Name="UsedIn" Val="implementation"/>
        <Attr Name="UsedIn" Val="simulation"/>
      </FileInfo>
    </File>
    <File Path="$PSRCDIR/sources_1/imports/RTL_modules/Rounding_Modules_RTL_WrapperFSM.sv">
      <FileInfo>
        <Attr Name="AutoDisabled" Val="1"/>
        <Attr Name="ImportPath" Val="X:/Users/Flkr/Downloads/RTL_modules/Rounding_Modules_RTL_WrapperFSM.sv"/>
        <Attr Name="ImportTime" Val="1623069546"/>
        <Attr Name="UsedIn" Val="synthesis"/>
        <Attr Name="UsedIn" Val="implementation"/>
        <Attr Name="UsedIn" Val="simulation"/>
      </FileInfo>
    </File>
    <File Path="$PSRCDIR/sources_1/imports/RTL_modules/Rounding_Modules_RTL_RAM.sv">
      <FileInfo>
        <Attr Name="AutoDisabled" Val="1"/>
        <Attr Name="ImportPath" Val="X:/Users/Flkr/Downloads/RTL_modules/Rounding_Modules_RTL_RAM.sv"/>
        <Attr Name="ImportTime" Val="1623069398"/>
        <Attr Name="UsedIn" Val="synthesis"/>
        <Attr Name="UsedIn" Val="implementation"/>
        <Attr Name="UsedIn" Val="simulation"/>
      </FileInfo>
    </File>
    <Config>
      <Option Name="DesignMode" Val="RTL"/>
      <Option Name="TopModule" Val="VSX"/>
      <Option Name="TopAutoSet" Val="TRUE"/>
    </Config>
  </FileSet>
  <FileSet Name="constrs_in" Type="Constrs" RelSrcDir="$PSRCDIR/constrs_1">
    <Filter Type="Constrs"/>
    <Config>
      <Option Name="ConstrsType" Val="XDC"/>
    </Config>
  </FileSet>
  <FileSet Name="utils" Type="Utils" RelSrcDir="$PSRCDIR/utils_1">
    <Filter Type="Utils"/>
    <Config>
      <Option Name="TopAutoSet" Val="TRUE"/>
    </Config>
  </FileSet>
  <Strategy Version="1" Minor="2">
    <StratHandle Name="Vivado Implementation Defaults" Flow="Vivado Implementation 2020">
      <Desc>Default settings for Implementation.</Desc>
    </StratHandle>
    <Step Id="init_design"/>
    <Step Id="opt_design"/>
    <Step Id="power_opt_design"/>
    <Step Id="place_design"/>
    <Step Id="post_place_power_opt_design"/>
    <Step Id="phys_opt_design"/>
    <Step Id="route_design"/>
    <Step Id="post_route_phys_opt_design"/>
    <Step Id="write_bitstream"/>
  </Strategy>
</GenRun>
