<?xml version="1.0" encoding="UTF-8"?>
<GenRun Id="synth_1" LaunchPart="xc7a100tcsg324-1" LaunchTime="1626154717">
  <File Type="PA-TCL" Name="sevenseg_control.tcl"/>
  <File Type="RDS-PROPCONSTRS" Name="sevenseg_control_drc_synth.rpt"/>
  <File Type="REPORTS-TCL" Name="sevenseg_control_reports.tcl"/>
  <File Type="RDS-RDS" Name="sevenseg_control.vds"/>
  <File Type="RDS-UTIL" Name="sevenseg_control_utilization_synth.rpt"/>
  <File Type="RDS-UTIL-PB" Name="sevenseg_control_utilization_synth.pb"/>
  <File Type="RDS-DCP" Name="sevenseg_control.dcp"/>
  <File Type="VDS-TIMINGSUMMARY" Name="sevenseg_control_timing_summary_synth.rpt"/>
  <File Type="VDS-TIMING-PB" Name="sevenseg_control_timing_summary_synth.pb"/>
  <FileSet Name="sources" Type="DesignSrcs" RelSrcDir="$PSRCDIR/sources_1" RelGenDir="$PGENDIR/sources_1">
    <Filter Type="Srcs"/>
    <File Path="$PSRCDIR/sources_1/new/3-bit counter.v">
      <FileInfo SFType="SVerilog">
        <Attr Name="ImportPath" Val="$PPRDIR/../7seg/7seg.srcs/sources_1/new/3-bit counter.v"/>
        <Attr Name="ImportTime" Val="1625677580"/>
        <Attr Name="UsedIn" Val="synthesis"/>
        <Attr Name="UsedIn" Val="implementation"/>
        <Attr Name="UsedIn" Val="simulation"/>
      </FileInfo>
    </File>
    <File Path="$PSRCDIR/sources_1/new/ClockDiv.sv">
      <FileInfo>
        <Attr Name="ImportPath" Val="$PPRDIR/../7seg/7seg.srcs/sources_1/new/ClockDiv.sv"/>
        <Attr Name="ImportTime" Val="1625702374"/>
        <Attr Name="UsedIn" Val="synthesis"/>
        <Attr Name="UsedIn" Val="implementation"/>
        <Attr Name="UsedIn" Val="simulation"/>
      </FileInfo>
    </File>
    <File Path="$PSRCDIR/sources_1/new/RandBitsOsc.sv">
      <FileInfo>
        <Attr Name="UsedIn" Val="synthesis"/>
        <Attr Name="UsedIn" Val="implementation"/>
        <Attr Name="UsedIn" Val="simulation"/>
      </FileInfo>
    </File>
    <File Path="$PSRCDIR/sources_1/new/decoder.sv">
      <FileInfo>
        <Attr Name="ImportPath" Val="$PPRDIR/../7seg/7seg.srcs/sources_1/new/decoder.sv"/>
        <Attr Name="ImportTime" Val="1625700895"/>
        <Attr Name="UsedIn" Val="synthesis"/>
        <Attr Name="UsedIn" Val="implementation"/>
        <Attr Name="UsedIn" Val="simulation"/>
      </FileInfo>
    </File>
    <File Path="$PSRCDIR/sources_1/new/multiplexer.v">
      <FileInfo SFType="SVerilog">
        <Attr Name="ImportPath" Val="$PPRDIR/../7seg/7seg.srcs/sources_1/new/multiplexer.v"/>
        <Attr Name="ImportTime" Val="1625177182"/>
        <Attr Name="UsedIn" Val="synthesis"/>
        <Attr Name="UsedIn" Val="implementation"/>
        <Attr Name="UsedIn" Val="simulation"/>
      </FileInfo>
    </File>
    <File Path="$PSRCDIR/sources_1/new/seven_seg.v">
      <FileInfo SFType="SVerilog">
        <Attr Name="ImportPath" Val="$PPRDIR/../7seg/7seg.srcs/sources_1/new/seven_seg.v"/>
        <Attr Name="ImportTime" Val="1625177182"/>
        <Attr Name="UsedIn" Val="synthesis"/>
        <Attr Name="UsedIn" Val="implementation"/>
        <Attr Name="UsedIn" Val="simulation"/>
      </FileInfo>
    </File>
    <File Path="$PSRCDIR/sources_1/new/top-level module.sv">
      <FileInfo>
        <Attr Name="ImportPath" Val="$PPRDIR/../7seg/7seg.srcs/sources_1/new/top-level module.sv"/>
        <Attr Name="ImportTime" Val="1625701063"/>
        <Attr Name="UsedIn" Val="synthesis"/>
        <Attr Name="UsedIn" Val="implementation"/>
        <Attr Name="UsedIn" Val="simulation"/>
      </FileInfo>
    </File>
    <Config>
      <Option Name="DesignMode" Val="RTL"/>
      <Option Name="TopModule" Val="sevenseg_control"/>
      <Option Name="TopAutoSet" Val="TRUE"/>
    </Config>
  </FileSet>
  <FileSet Name="constrs_in" Type="Constrs" RelSrcDir="$PSRCDIR/constrs_1">
    <Filter Type="Constrs"/>
    <File Path="$PSRCDIR/constrs_1/new/constnt.xdc">
      <FileInfo>
        <Attr Name="ImportPath" Val="$PPRDIR/../7seg/7seg.srcs/constrs_1/new/constnt.xdc"/>
        <Attr Name="ImportTime" Val="1625701985"/>
        <Attr Name="UsedIn" Val="synthesis"/>
        <Attr Name="UsedIn" Val="implementation"/>
      </FileInfo>
    </File>
    <Config>
      <Option Name="TargetConstrsFile" Val="$PSRCDIR/constrs_1/new/constnt.xdc"/>
      <Option Name="ConstrsType" Val="XDC"/>
    </Config>
  </FileSet>
  <FileSet Name="utils" Type="Utils" RelSrcDir="$PSRCDIR/utils_1">
    <Filter Type="Utils"/>
    <Config>
      <Option Name="TopAutoSet" Val="TRUE"/>
    </Config>
  </FileSet>
  <Strategy Version="1" Minor="2">
    <StratHandle Name="Vivado Synthesis Defaults" Flow="Vivado Synthesis 2020"/>
    <Step Id="synth_design"/>
  </Strategy>
</GenRun>
