<?xml version="1.0" encoding="UTF-8"?>
<GenRun Id="impl_1" LaunchPart="xc7a100tcsg324-1" LaunchTime="1626154717">
  <File Type="BITSTR-BMM" Name="sevenseg_control_bd.bmm"/>
  <File Type="OPT-METHODOLOGY-DRC" Name="sevenseg_control_methodology_drc_opted.rpt"/>
  <File Type="INIT-TIMING" Name="sevenseg_control_timing_summary_init.rpt"/>
  <File Type="ROUTE-PWR" Name="sevenseg_control_power_routed.rpt"/>
  <File Type="PA-TCL" Name="sevenseg_control.tcl"/>
  <File Type="OPT-TIMING" Name="sevenseg_control_timing_summary_opted.rpt"/>
  <File Type="OPT-DCP" Name="sevenseg_control_opt.dcp"/>
  <File Type="ROUTE-PWR-SUM" Name="sevenseg_control_power_summary_routed.pb"/>
  <File Type="REPORTS-TCL" Name="sevenseg_control_reports.tcl"/>
  <File Type="OPT-DRC" Name="sevenseg_control_drc_opted.rpt"/>
  <File Type="OPT-HWDEF" Name="sevenseg_control.hwdef"/>
  <File Type="PWROPT-DCP" Name="sevenseg_control_pwropt.dcp"/>
  <File Type="PWROPT-DRC" Name="sevenseg_control_drc_pwropted.rpt"/>
  <File Type="PWROPT-TIMING" Name="sevenseg_control_timing_summary_pwropted.rpt"/>
  <File Type="PLACE-DCP" Name="sevenseg_control_placed.dcp"/>
  <File Type="PLACE-IO" Name="sevenseg_control_io_placed.rpt"/>
  <File Type="PLACE-CLK" Name="sevenseg_control_clock_utilization_placed.rpt"/>
  <File Type="PLACE-UTIL" Name="sevenseg_control_utilization_placed.rpt"/>
  <File Type="PLACE-UTIL-PB" Name="sevenseg_control_utilization_placed.pb"/>
  <File Type="PLACE-CTRL" Name="sevenseg_control_control_sets_placed.rpt"/>
  <File Type="PLACE-SIMILARITY" Name="sevenseg_control_incremental_reuse_placed.rpt"/>
  <File Type="PLACE-PRE-SIMILARITY" Name="sevenseg_control_incremental_reuse_pre_placed.rpt"/>
  <File Type="PLACE-TIMING" Name="sevenseg_control_timing_summary_placed.rpt"/>
  <File Type="POSTPLACE-PWROPT-DCP" Name="sevenseg_control_postplace_pwropt.dcp"/>
  <File Type="BG-BIN" Name="sevenseg_control.bin"/>
  <File Type="POSTPLACE-PWROPT-TIMING" Name="sevenseg_control_timing_summary_postplace_pwropted.rpt"/>
  <File Type="PHYSOPT-DCP" Name="sevenseg_control_physopt.dcp"/>
  <File Type="PHYSOPT-DRC" Name="sevenseg_control_drc_physopted.rpt"/>
  <File Type="BITSTR-MSK" Name="sevenseg_control.msk"/>
  <File Type="PHYSOPT-TIMING" Name="sevenseg_control_timing_summary_physopted.rpt"/>
  <File Type="ROUTE-ERROR-DCP" Name="sevenseg_control_routed_error.dcp"/>
  <File Type="ROUTE-DCP" Name="sevenseg_control_routed.dcp"/>
  <File Type="ROUTE-BLACKBOX-DCP" Name="sevenseg_control_routed_bb.dcp"/>
  <File Type="ROUTE-DRC" Name="sevenseg_control_drc_routed.rpt"/>
  <File Type="ROUTE-DRC-PB" Name="sevenseg_control_drc_routed.pb"/>
  <File Type="ROUTE-DRC-RPX" Name="sevenseg_control_drc_routed.rpx"/>
  <File Type="BITSTR-MMI" Name="sevenseg_control.mmi"/>
  <File Type="ROUTE-METHODOLOGY-DRC" Name="sevenseg_control_methodology_drc_routed.rpt"/>
  <File Type="ROUTE-METHODOLOGY-DRC-RPX" Name="sevenseg_control_methodology_drc_routed.rpx"/>
  <File Type="ROUTE-METHODOLOGY-DRC-PB" Name="sevenseg_control_methodology_drc_routed.pb"/>
  <File Type="ROUTE-PWR-RPX" Name="sevenseg_control_power_routed.rpx"/>
  <File Type="ROUTE-STATUS" Name="sevenseg_control_route_status.rpt"/>
  <File Type="ROUTE-STATUS-PB" Name="sevenseg_control_route_status.pb"/>
  <File Type="ROUTE-TIMINGSUMMARY" Name="sevenseg_control_timing_summary_routed.rpt"/>
  <File Type="ROUTE-TIMING-PB" Name="sevenseg_control_timing_summary_routed.pb"/>
  <File Type="ROUTE-TIMING-RPX" Name="sevenseg_control_timing_summary_routed.rpx"/>
  <File Type="ROUTE-SIMILARITY" Name="sevenseg_control_incremental_reuse_routed.rpt"/>
  <File Type="ROUTE-CLK" Name="sevenseg_control_clock_utilization_routed.rpt"/>
  <File Type="ROUTE-BUS-SKEW" Name="sevenseg_control_bus_skew_routed.rpt"/>
  <File Type="ROUTE-BUS-SKEW-PB" Name="sevenseg_control_bus_skew_routed.pb"/>
  <File Type="ROUTE-BUS-SKEW-RPX" Name="sevenseg_control_bus_skew_routed.rpx"/>
  <File Type="POSTROUTE-PHYSOPT-DCP" Name="sevenseg_control_postroute_physopt.dcp"/>
  <File Type="POSTROUTE-PHYSOPT-BLACKBOX-DCP" Name="sevenseg_control_postroute_physopt_bb.dcp"/>
  <File Type="POSTROUTE-PHYSOPT-TIMING" Name="sevenseg_control_timing_summary_postroute_physopted.rpt"/>
  <File Type="POSTROUTE-PHYSOPT-TIMING-PB" Name="sevenseg_control_timing_summary_postroute_physopted.pb"/>
  <File Type="POSTROUTE-PHYSOPT-TIMING-RPX" Name="sevenseg_control_timing_summary_postroute_physopted.rpx"/>
  <File Type="POSTROUTE-PHYSOPT-BUS-SKEW" Name="sevenseg_control_bus_skew_postroute_physopted.rpt"/>
  <File Type="POSTROUTE-PHYSOPT-BUS-SKEW-PB" Name="sevenseg_control_bus_skew_postroute_physopted.pb"/>
  <File Type="BG-BIT" Name="sevenseg_control.bit"/>
  <File Type="POSTROUTE-PHYSOPT-BUS-SKEW-RPX" Name="sevenseg_control_bus_skew_postroute_physopted.rpx"/>
  <File Type="BITSTR-RBT" Name="sevenseg_control.rbt"/>
  <File Type="BITSTR-NKY" Name="sevenseg_control.nky"/>
  <File Type="PDI-FILE" Name="sevenseg_control.pdi"/>
  <File Type="RCFI_FILE" Name="sevenseg_control.rcfi"/>
  <File Type="CFI_FILE" Name="sevenseg_control.cfi"/>
  <File Type="RNPI_FILE" Name="sevenseg_control.rnpi"/>
  <File Type="NPI_FILE" Name="sevenseg_control.npi"/>
  <File Type="RBD_FILE" Name="sevenseg_control.rbd"/>
  <File Type="BITSTR-LTX" Name="debug_nets.ltx"/>
  <File Type="BITSTR-LTX" Name="sevenseg_control.ltx"/>
  <File Type="BITSTR-SYSDEF" Name="sevenseg_control.sysdef"/>
  <File Type="BG-BGN" Name="sevenseg_control.bgn"/>
  <File Type="BG-DRC" Name="sevenseg_control.drc"/>
  <File Type="RDI-RDI" Name="sevenseg_control.vdi"/>
  <File Type="WBT-USG" Name="usage_statistics_webtalk.html"/>
  <FileSet Name="sources" Type="DesignSrcs" RelSrcDir="$PSRCDIR/sources_1" RelGenDir="$PGENDIR/sources_1">
    <Filter Type="Srcs"/>
    <File Path="$PSRCDIR/sources_1/new/3-bit counter.v">
      <FileInfo SFType="SVerilog">
        <Attr Name="ImportPath" Val="$PPRDIR/../7seg/7seg.srcs/sources_1/new/3-bit counter.v"/>
        <Attr Name="ImportTime" Val="1625677580"/>
        <Attr Name="UsedIn" Val="synthesis"/>
        <Attr Name="UsedIn" Val="implementation"/>
        <Attr Name="UsedIn" Val="simulation"/>
      </FileInfo>
    </File>
    <File Path="$PSRCDIR/sources_1/new/ClockDiv.sv">
      <FileInfo>
        <Attr Name="ImportPath" Val="$PPRDIR/../7seg/7seg.srcs/sources_1/new/ClockDiv.sv"/>
        <Attr Name="ImportTime" Val="1625702374"/>
        <Attr Name="UsedIn" Val="synthesis"/>
        <Attr Name="UsedIn" Val="implementation"/>
        <Attr Name="UsedIn" Val="simulation"/>
      </FileInfo>
    </File>
    <File Path="$PSRCDIR/sources_1/new/RandBitsOsc.sv">
      <FileInfo>
        <Attr Name="ImportPath" Val="$PPRDIR/../Finished_working_7seg_switch/Finished_working_7seg_switch.srcs/sources_1/new/RandBitsOsc.sv"/>
        <Attr Name="ImportTime" Val="1626154121"/>
        <Attr Name="UsedIn" Val="synthesis"/>
        <Attr Name="UsedIn" Val="implementation"/>
        <Attr Name="UsedIn" Val="simulation"/>
      </FileInfo>
    </File>
    <File Path="$PSRCDIR/sources_1/new/decoder.sv">
      <FileInfo>
        <Attr Name="ImportPath" Val="$PPRDIR/../7seg/7seg.srcs/sources_1/new/decoder.sv"/>
        <Attr Name="ImportTime" Val="1625700895"/>
        <Attr Name="UsedIn" Val="synthesis"/>
        <Attr Name="UsedIn" Val="implementation"/>
        <Attr Name="UsedIn" Val="simulation"/>
      </FileInfo>
    </File>
    <File Path="$PSRCDIR/sources_1/new/multiplexer.v">
      <FileInfo SFType="SVerilog">
        <Attr Name="ImportPath" Val="$PPRDIR/../7seg/7seg.srcs/sources_1/new/multiplexer.v"/>
        <Attr Name="ImportTime" Val="1625177182"/>
        <Attr Name="UsedIn" Val="synthesis"/>
        <Attr Name="UsedIn" Val="implementation"/>
        <Attr Name="UsedIn" Val="simulation"/>
      </FileInfo>
    </File>
    <File Path="$PSRCDIR/sources_1/new/seven_seg.v">
      <FileInfo SFType="SVerilog">
        <Attr Name="ImportPath" Val="$PPRDIR/../7seg/7seg.srcs/sources_1/new/seven_seg.v"/>
        <Attr Name="ImportTime" Val="1625177182"/>
        <Attr Name="UsedIn" Val="synthesis"/>
        <Attr Name="UsedIn" Val="implementation"/>
        <Attr Name="UsedIn" Val="simulation"/>
      </FileInfo>
    </File>
    <File Path="$PSRCDIR/sources_1/new/top-level module.sv">
      <FileInfo>
        <Attr Name="ImportPath" Val="$PPRDIR/../7seg/7seg.srcs/sources_1/new/top-level module.sv"/>
        <Attr Name="ImportTime" Val="1625701063"/>
        <Attr Name="UsedIn" Val="synthesis"/>
        <Attr Name="UsedIn" Val="implementation"/>
        <Attr Name="UsedIn" Val="simulation"/>
      </FileInfo>
    </File>
    <Config>
      <Option Name="DesignMode" Val="RTL"/>
      <Option Name="TopModule" Val="sevenseg_control"/>
      <Option Name="TopAutoSet" Val="TRUE"/>
    </Config>
  </FileSet>
  <FileSet Name="constrs_in" Type="Constrs" RelSrcDir="$PSRCDIR/constrs_1">
    <Filter Type="Constrs"/>
    <File Path="$PSRCDIR/constrs_1/new/constnt.xdc">
      <FileInfo>
        <Attr Name="ImportPath" Val="$PPRDIR/../7seg/7seg.srcs/constrs_1/new/constnt.xdc"/>
        <Attr Name="ImportTime" Val="1625701985"/>
        <Attr Name="UsedIn" Val="synthesis"/>
        <Attr Name="UsedIn" Val="implementation"/>
      </FileInfo>
    </File>
    <Config>
      <Option Name="TargetConstrsFile" Val="$PSRCDIR/constrs_1/new/constnt.xdc"/>
      <Option Name="ConstrsType" Val="XDC"/>
    </Config>
  </FileSet>
  <FileSet Name="utils" Type="Utils" RelSrcDir="$PSRCDIR/utils_1">
    <Filter Type="Utils"/>
    <Config>
      <Option Name="TopAutoSet" Val="TRUE"/>
    </Config>
  </FileSet>
  <Strategy Version="1" Minor="2">
    <StratHandle Name="Vivado Implementation Defaults" Flow="Vivado Implementation 2020"/>
    <Step Id="init_design"/>
    <Step Id="opt_design"/>
    <Step Id="power_opt_design"/>
    <Step Id="place_design"/>
    <Step Id="post_place_power_opt_design"/>
    <Step Id="phys_opt_design"/>
    <Step Id="route_design"/>
    <Step Id="post_route_phys_opt_design"/>
    <Step Id="write_bitstream"/>
  </Strategy>
</GenRun>
